ID;DESTINO
1;AMAZONAS
1;CARTAGENA
1;LLANOS
1;SANANDRES
1;SATMARTA
1;TOLU
2;SANANDRES
2;SATMARTA
2;TOLU
3;CARTAGENA
3;SANANDRES
3;SATMARTA
3;TOLU
4;AMAZONAS
4;BOYACA
4;CAFETERA
4;LLANOS
4;LLANOS
4;SANTANDER
5;BOYACA
5;CAFETERA
5;LLANOS
5;SANTANDER
6;BOYACA
6;CAFETERA
6;SANTANDER
7;AMAZONAS
7;LLANOS
7;SANTANDER
8;BOGOTA
8;CALI
8;MEDELLIN
9;BOGOTA
9;MEDELLIN
10;CALI
11;BOGOTA
12;AMAZONAS
12;LLANOS
12;SANANDRES
12;SATMARTA
12;TOLU
13;BOYACA
13;CAFETERA
13;LLANOS
13;SANTANDER
14;CARTAGENA
14;SATMARTA
14;TOLU
15;AMAZONAS
15;LLANOS
15;SANTANDER
16;BOGOTA
17;CARTAGENA
18;TOLU
21;SANANDRES
22;AMAZONAS
22;LLANOS
23;BOYACA
24;CAFETERA
25;SANTANDER
26;LLANOS
27;AMAZONAS
28;BOGOTA
32;SANANDRES
33;AMAZONAS
34;BOYACA
35;CAFETERA
36;SANTANDER
37;BOGOTA
37;MEDELLIN
38;BOGOTA
38;CALI
38;MEDELLIN
39;BOGOTA
39;CALI
39;MEDELLIN
40;BOGOTA
40;CALI
40;MEDELLIN
41;CARTAGENA
42;TOLU
45;SANANDRES
46;AMAZONAS
47;BOYACA
48;CAFETERA
49;SANTANDER
50;LLANOS
51;AMAZONAS
52;BOGOTA
53;MEDELLIN
56;SANANDRES
57;AMAZONAS
58;BOYACA
59;CAFETERA
60;SANTANDER
61;CARTAGENA
62;TOLU
65;SANANDRES
66;AMAZONAS
67;BOYACA
68;CAFETERA
69;SANTANDER
70;LLANOS
71;AMAZONAS
72;BOGOTA
73;MEDELLIN
77;AMAZONAS
78;BOYACA
79;CAFETERA
80;SANTANDER
81;CAPURGANA
81;CARTAGENA
82;CARTAGENA
82;TOLU
83;CARTAGENA
84;CARTAGENA
84;GUAJIRA
84;SATMARTA
85;CARTAGENA
85;SATMARTA
86;AMAZONAS
86;CARTAGENA
86;GUAJIRA
87;CARTAGENA
87;SATMARTA
88;CAPURGANA
88;CARTAGENA
88;GUAJIRA
88;SATMARTA
89;CARTAGENA
89;GUAJIRA
89;SANANDRES
90;CARTAGENA
91;CARTAGENA
91;GUAJIRA
91;SANANDRES
91;SATMARTA
92;CARTAGENA
92;SATMARTA
93;CAPURGANA
93;CARTAGENA
93;GUAJIRA
94;CARTAGENA
94;SANANDRES
94;SATMARTA
95;AMAZONAS
95;CARTAGENA
95;GUAJIRA
95;SANANDRES
95;SATMARTA
96;CARTAGENA
96;GUAJIRA
96;SANANDRES
97;CARTAGENA
98;CARTAGENA
98;GUAJIRA
98;SANANDRES
98;SATMARTA
99;CARTAGENA
99;SATMARTA
100;AMAZONAS
100;CARTAGENA
100;GUAJIRA
101;CARTAGENA
101;SANANDRES
101;SATMARTA
